{
  "hash": "86ccc932",
  "configHash": "1ec48c53",
  "lockfileHash": "6a19f446",
  "browserHash": "e3e32dfa",
  "optimized": {
    "@angular/common": {
      "src": "../../../../../../node_modules/@angular/common/fesm2022/common.mjs",
      "file": "@angular_common.js",
      "fileHash": "d8db7f77",
      "needsInterop": false
    },
    "@angular/common/http": {
      "src": "../../../../../../node_modules/@angular/common/fesm2022/http.mjs",
      "file": "@angular_common_http.js",
      "fileHash": "c9613646",
      "needsInterop": false
    },
    "@angular/core": {
      "src": "../../../../../../node_modules/@angular/core/fesm2022/core.mjs",
      "file": "@angular_core.js",
      "fileHash": "96754183",
      "needsInterop": false
    },
    "@angular/platform-browser": {
      "src": "../../../../../../node_modules/@angular/platform-browser/fesm2022/platform-browser.mjs",
      "file": "@angular_platform-browser.js",
      "fileHash": "40a4de4e",
      "needsInterop": false
    },
    "@angular/router": {
      "src": "../../../../../../node_modules/@angular/router/fesm2022/router.mjs",
      "file": "@angular_router.js",
      "fileHash": "db045bda",
      "needsInterop": false
    },
    "@angular/forms": {
      "src": "../../../../../../node_modules/@angular/forms/fesm2022/forms.mjs",
      "file": "@angular_forms.js",
      "fileHash": "9497045f",
      "needsInterop": false
    }
  },
  "chunks": {
    "chunk-OUVTEK2C": {
      "file": "chunk-OUVTEK2C.js"
    },
    "chunk-MTJBE7KY": {
      "file": "chunk-MTJBE7KY.js"
    },
    "chunk-7KQEO4MB": {
      "file": "chunk-7KQEO4MB.js"
    },
    "chunk-S5YUGYJR": {
      "file": "chunk-S5YUGYJR.js"
    },
    "chunk-PBHXNFQD": {
      "file": "chunk-PBHXNFQD.js"
    }
  }
}